,,,,,,,,,,,,,,,,,,,,,,,,,,,,,,,,,,,,,,,,,,,,,,,,,,,,,,,,,,,
CUADRO N° 1,,,,Contenido,,,,,,,,,,,,,,,,,,,,,,,,,,,,,,,,,,,,,,,,,,,,,,,,,,,,,,,
ÍNDICE DE PRODUCCIÓN DE LA INDUSTRIA MANUFACTURERA (IPI-M) BASE: 2015=100,,,,,,,,,,,,,,,,,,,,,,,,,,,,,,,,,,,,,,,,,,,,,,,,,,,,,,,,,,,
"SERIE HISTÓRICA DEL ÍNDICE DEL IPI-M, periodo enero 2016 -  septiembre 2020
POR CLASIFICACIÓN NACIONAL DE ACTIVIDADES ECONÓMICAS - CIIU
(Número)",,,,,,,,,,,,,,,,,,,,,,,,,,,,,,,,,,,,,,,,,,,,,,,,,,,,,,,,,,,
,,,,,,,,,,,,,,,,,,,,,,,,,,,,,,,,,,,,,,,,,,,,,,,,,,,,,,,,,,,
Nivel,CIIU,Descripción,Jan-16,Feb-16,Mar-16,Apr-16,May-16,Jun-16,Jul-16,Aug-16,Sep-16,Oct-16,Nov-16,Dec-16,Jan-17,Feb-17,Mar-17,Apr-17,May-17,Jun-17,Jul-17,Aug-17,Sep-17,Oct-17,Nov-17,Dec-17,Jan-18,Feb-18,Mar-18,Apr-18,May-18,Jun-18,Jul-18,Aug-18,Sep-18,Oct-18,Nov-18,Dec-18,Jan-19,Feb-19,Mar-19,Apr-19,May-19,Jun-19,Jul-19,Aug-19,Sep-19,Oct-19,Nov-19,Dec-19,Jan-20,Feb-20,Mar-20,Apr-20,May-20,Jun-20,Jul-20,Aug-20,Sep-20
1,C,Industrias manufactureras.,93.46,99.15,101.08,94.23,98.30,98.80,104.75,97.62,105.89,103.03,97.83,98.62,88.64,85.45,95.74,86.89,90.01,90.16,89.64,90.95,87.90,90.98,89.92,90.63,86.20,84.07,94.38,91.78,99.21,97.50,97.03,100.43,93.39,97.79,95.24,98.31,93.99,93.33,90.46,97.90,106.96,98.45,108.77,107.26,110.27,106.43,100.16,101.38,96.91,96.14,86.06,71.95,101.95,136.06,141.57,129.42,143.71
2,C10,Elaboración de productos alimenticios.,97.71,95.93,87.30,91.70,90.04,96.24,93.36,89.23,90.32,96.01,86.79,92.21,83.64,81.10,90.95,82.64,88.11,88.78,87.99,89.42,82.27,82.47,79.33,87.71,83.35,77.44,88.38,86.60,100.08,95.06,97.39,97.19,94.05,97.14,95.41,100.14,90.19,91.13,92.46,105.60,120.57,112.32,129.44,121.10,124.40,118.88,105.17,104.71,101.51,95.18,96.86,90.94,100.61,110.31,105.81,91.72,102.69
3,C101,Elaboración y conservación de carne.,103.74,113.75,100.98,107.62,113.39,112.22,106.27,106.28,105.07,104.86,101.54,121.30,88.63,90.42,99.06,92.22,100.56,102.54,98.24,107.42,98.36,95.95,101.16,111.36,99.73,95.70,112.30,103.51,114.78,104.65,107.78,109.74,98.76,109.57,94.37,125.25,98.92,99.81,110.46,112.66,130.35,112.86,117.32,121.84,124.10,127.04,119.36,157.44,118.20,104.40,118.53,101.57,106.47,113.21,109.20,101.71,117.69
3,C102,"Elaboración y conservación de pescados, crustáceos y moluscos.",105.58,86.67,77.82,84.66,74.62,80.49,71.76,66.01,69.00,82.12,65.58,65.25,74.45,68.05,78.81,70.66,75.31,73.61,78.60,74.97,63.59,60.70,55.87,69.66,74.86,65.11,75.59,78.70,98.02,86.89,85.65,81.67,78.65,73.08,87.43,84.47,78.38,88.08,82.52,115.59,145.22,136.32,164.13,145.48,158.08,139.19,112.39,88.69,115.22,110.46,111.19,102.62,116.22,135.12,122.12,90.60,111.23
3,C103,"Elaboración y conservación de frutas, legumbres y hortalizas.",100.11,99.18,72.36,84.33,84.98,80.19,76.26,73.10,74.09,82.88,73.61,96.29,63.99,74.12,83.31,80.82,87.23,84.36,84.63,93.02,87.07,87.53,76.18,68.27,79.66,82.69,88.41,85.77,89.11,73.83,94.70,101.89,126.37,87.71,82.86,114.70,84.25,92.07,100.40,136.35,125.28,140.29,153.89,117.07,112.97,116.98,130.27,90.37,108.57,98.77,128.88,124.12,168.15,155.71,150.49,172.50,112.84
3,C104,Elaboración de aceites y grasas de origen vegetal y animal.,90.09,93.78,97.40,98.21,99.11,122.41,108.17,102.73,92.23,82.43,81.66,90.66,82.22,77.51,72.45,71.89,79.78,75.14,71.30,66.79,59.15,61.73,63.12,70.31,67.06,68.34,59.78,65.36,67.28,76.09,80.61,84.05,63.43,80.03,74.51,80.00,95.92,83.37,70.75,81.78,74.13,64.13,84.06,63.67,51.29,56.59,51.06,55.24,57.66,53.96,49.21,41.79,49.61,51.97,51.58,44.36,45.86
3,C105,Elaboración de productos lácteos.,89.64,77.17,81.92,90.73,98.89,96.90,93.99,86.34,85.49,85.40,80.77,83.63,77.48,63.27,70.25,64.87,73.57,71.93,68.52,65.51,69.40,71.57,66.51,65.74,69.22,62.79,74.70,72.72,97.43,91.23,94.83,93.61,100.56,108.89,98.37,106.22,93.18,93.11,106.50,102.58,108.86,90.88,108.11,103.29,100.11,89.00,87.81,91.13,94.82,106.97,102.29,112.32,120.90,118.35,119.23,103.26,108.49
3,C106,"Elaboración de productos de molinería, almidones y productos derivados del almidón.",103.69,101.45,106.26,103.98,102.33,102.61,102.82,102.40,105.29,112.85,105.04,106.18,96.66,93.61,102.75,99.31,102.44,104.09,97.15,104.76,100.76,108.55,109.44,117.69,100.19,104.54,119.62,111.85,122.47,125.19,121.93,126.32,117.93,117.40,127.45,123.02,117.28,94.15,104.84,104.89,89.83,96.26,92.93,96.58,89.54,97.83,85.04,86.07,78.02,64.35,66.45,75.31,75.41,70.07,81.38,82.98,86.72
3,C107,Elaboración de otros productos alimenticios.,72.89,106.12,78.28,77.21,78.88,100.36,123.75,115.56,124.64,129.75,123.48,122.98,102.46,108.75,128.35,107.40,109.26,120.23,114.48,117.59,116.85,120.12,106.36,111.21,87.64,80.65,92.35,88.03,92.52,103.58,113.52,115.29,130.11,137.69,112.73,106.74,87.27,89.19,88.95,82.38,95.93,99.05,118.25,120.32,121.09,126.21,122.66,128.17,83.67,77.68,67.69,65.32,78.09,92.71,94.10,99.78,99.81
3,C108,Elaboración de alimentos preparados para animales.,94.07,94.27,98.88,95.35,99.23,94.47,92.58,98.78,90.59,94.21,86.76,95.66,82.28,90.59,102.75,93.65,97.46,95.37,96.48,108.08,100.35,108.10,105.35,93.91,98.85,86.51,101.69,94.65,102.34,91.32,95.23,96.54,84.43,103.34,95.24,79.60,99.09,88.77,95.33,94.97,96.77,87.42,95.21,91.32,88.72,92.04,83.93,91.49,93.57,80.11,81.83,82.63,79.53,80.07,83.27,81.11,86.25
2,C11,Elaboración de bebidas.,95.29,90.79,94.21,94.01,98.50,95.53,101.96,102.42,99.82,91.08,89.19,108.73,83.83,75.50,78.97,73.93,77.68,81.35,81.83,69.28,72.76,76.27,84.25,83.06,65.74,72.95,67.04,77.94,78.64,75.84,63.62,75.03,71.19,73.69,77.81,86.27,65.66,65.98,71.95,78.49,73.27,64.95,56.25,63.03,57.68,56.84,59.23,72.91,53.16,56.87,38.55,20.39,34.47,58.84,64.42,63.24,72.57
3,C110,Elaboración de bebidas.,95.29,90.79,94.21,94.01,98.50,95.53,101.96,102.42,99.82,91.08,89.19,108.73,83.83,75.50,78.97,73.93,77.68,81.35,81.83,69.28,72.76,76.27,84.25,83.06,65.74,72.95,67.04,77.94,78.64,75.84,63.62,75.03,71.19,73.69,77.81,86.27,65.66,65.98,71.95,78.49,73.27,64.95,56.25,63.03,57.68,56.84,59.23,72.91,53.16,56.87,38.55,20.39,34.47,58.84,64.42,63.24,72.57
2,C12,Elaboración de productos de tabaco.,78.28,63.96,68.81,59.43,31.91,66.56,78.80,53.92,53.92,53.92,58.29,64.02,47.72,42.30,51.77,52.57,37.46,50.87,47.38,50.05,55.18,53.57,43.94,43.70,51.53,42.69,50.18,49.67,45.45,52.84,51.68,48.28,39.28,47.83,34.84,49.24,87.16,57.24,48.85,45.29,45.79,41.75,46.23,42.55,38.78,47.53,42.84,64.67,64.67,64.67,45.15,35.36,35.36,35.36,38.06,34.55,34.55
3,C120,Elaboración de productos de tabaco.,78.28,63.96,68.81,59.43,31.91,66.56,78.80,53.92,53.92,53.92,58.29,64.02,47.72,42.30,51.77,52.57,37.46,50.87,47.38,50.05,55.18,53.57,43.94,43.70,51.53,42.69,50.18,49.67,45.45,52.84,51.68,48.28,39.28,47.83,34.84,49.24,87.16,57.24,48.85,45.29,45.79,41.75,46.23,42.55,38.78,47.53,42.84,64.67,64.67,64.67,45.15,35.36,35.36,35.36,38.06,34.55,34.55
2,C13,Fabricación de productos textiles.,70.91,94.81,135.82,146.46,157.36,137.43,122.94,116.56,129.58,135.09,157.65,154.15,137.82,147.70,151.71,126.48,112.54,101.03,99.67,105.71,115.12,97.04,132.65,107.27,103.57,104.07,122.82,116.42,124.57,136.11,135.90,132.69,88.29,96.57,87.28,84.78,74.47,84.47,89.56,89.93,88.44,83.80,96.33,87.81,93.36,96.81,102.00,105.51,116.29,119.67,102.68,91.88,129.46,143.57,188.15,184.74,194.41
3,C131,"Hilatura, tejedura y acabados de productos textiles.",74.77,105.25,165.88,189.94,184.64,152.10,138.38,119.45,146.95,154.71,187.01,181.24,162.89,176.53,195.68,155.60,131.73,114.19,113.29,122.20,134.08,104.80,161.83,122.31,123.75,120.45,146.66,136.14,141.35,135.93,146.29,150.23,86.78,78.73,77.69,74.54,70.73,83.98,85.04,88.74,89.87,86.82,99.00,84.44,88.23,93.72,93.83,90.54,123.52,135.63,124.48,114.51,164.80,183.67,238.38,240.94,253.71
3,C139,Fabricación de otros productos textiles.,63.66,75.20,79.40,64.86,106.15,109.88,93.95,111.13,96.96,98.25,102.55,103.30,90.76,93.59,69.16,71.81,76.50,76.33,74.10,74.74,79.53,82.49,77.88,79.03,65.68,73.33,78.07,79.43,93.07,136.45,116.38,99.76,91.13,130.05,105.28,104.00,81.50,85.40,98.05,92.18,85.74,78.14,91.31,94.15,103.01,102.60,117.34,133.63,102.72,89.72,61.75,49.40,63.10,68.29,93.88,79.25,83.09
2,C14,Fabricación de prendas de vestir.,65.22,51.06,64.30,86.15,96.32,58.29,62.82,65.35,57.30,57.44,68.81,70.77,41.38,45.35,51.27,54.52,51.01,48.59,52.22,52.10,50.40,53.47,57.81,63.72,44.75,43.70,54.81,55.73,51.19,42.67,48.10,69.99,48.84,47.31,48.19,54.46,42.07,57.02,83.39,79.23,52.16,40.41,49.16,60.87,46.43,44.41,46.06,62.95,65.60,57.32,38.17,33.28,36.27,43.77,49.36,48.08,49.97
3,C141,"Fabricación de prendas de vestir, excepto prendas de piel.",64.23,50.37,60.14,87.42,98.21,57.20,62.03,63.73,56.22,59.10,69.65,72.97,42.79,46.20,51.34,54.95,52.01,49.19,52.73,52.03,51.32,54.96,58.76,63.54,46.29,44.88,55.62,56.88,52.07,43.13,48.17,71.16,47.33,48.07,48.48,55.49,43.22,58.60,88.05,82.64,54.34,41.34,51.07,62.89,48.13,46.11,48.28,65.56,69.31,60.53,40.04,34.93,38.33,46.42,52.30,50.58,52.43
3,C143,Fabricación de artículos de punto y ganchillo.,77.69,59.80,116.81,70.14,72.45,72.14,72.83,85.78,70.94,36.45,58.19,42.89,23.63,34.58,50.36,49.06,38.42,41.06,45.77,53.03,38.77,34.59,45.72,66.01,25.27,28.70,44.61,41.20,40.07,36.89,47.30,55.28,67.87,37.68,44.53,41.44,27.59,37.13,24.60,36.15,24.65,28.71,24.99,35.30,25.01,22.83,17.97,29.93,18.70,16.71,14.61,12.41,10.14,10.20,12.16,16.46,18.92
2,C15,Fabricación de cueros y productos conexos.,75.08,127.83,109.72,101.87,112.20,76.06,85.07,89.74,85.82,71.53,78.82,82.15,74.24,87.11,96.81,96.08,75.90,70.95,78.32,83.20,81.66,84.62,105.88,107.55,58.15,75.07,111.28,99.91,125.65,121.40,133.65,127.01,114.09,104.26,115.92,129.03,127.25,150.16,143.18,114.02,143.35,133.61,152.09,147.96,119.85,130.74,133.89,141.13,117.41,137.55,124.07,99.66,117.80,212.85,218.27,235.88,185.20
3,C151,"Curtido y adobo de cueros; fabricación de maletas, bolsos de mano y artículos de talabartería y guarnicionería; adobo y teñido de pieles.",74.91,94.28,67.66,40.51,61.56,59.32,58.70,65.73,62.76,70.00,72.60,64.80,55.48,62.25,69.96,62.56,57.67,54.08,49.62,52.32,49.62,55.11,69.94,69.20,55.67,53.44,88.51,83.06,101.04,76.21,69.10,55.79,64.24,76.34,87.70,114.92,76.81,78.04,100.84,72.65,84.07,53.33,79.44,87.89,73.54,84.20,67.11,50.74,30.38,43.54,37.44,37.44,36.16,60.29,86.68,83.90,159.32
3,C152,Fabricación de calzado.,75.12,135.30,119.09,115.53,123.48,79.79,90.94,95.08,90.95,71.87,80.20,86.02,78.42,92.65,102.79,103.54,79.96,74.71,84.71,90.08,88.79,91.20,113.89,116.09,58.70,79.88,116.35,103.66,131.13,131.46,148.02,142.88,125.19,110.48,122.20,132.17,138.49,166.22,152.62,123.23,156.55,151.48,168.27,161.34,130.16,141.11,148.77,161.26,136.79,158.48,143.36,113.52,135.98,246.82,247.57,269.73,190.96
2,C16,"Producción de madera y fabricación de productos de madera y corcho, excepto muebles; fabricación de artículos de paja y de materiales trenzables.",77.49,174.41,204.54,42.73,131.06,91.79,76.43,106.94,127.96,119.12,141.68,103.84,97.21,83.87,144.45,115.58,142.08,130.22,126.70,130.58,106.22,103.36,131.23,110.09,88.54,101.47,167.92,176.68,191.67,145.88,145.69,129.36,72.72,66.35,69.06,85.30,49.42,52.11,56.35,57.56,57.59,54.95,63.36,59.97,61.97,63.07,68.81,85.14,90.39,126.50,85.39,29.47,43.92,91.06,101.54,98.81,206.06
3,C161,Aserrado y acepilladura de madera.,41.25,229.09,271.46,13.86,125.41,66.18,37.78,79.73,147.67,96.55,138.85,81.64,60.41,61.96,130.60,94.08,121.54,109.74,101.22,112.11,74.66,67.10,102.01,93.93,49.94,72.38,168.07,169.99,217.04,122.18,123.82,108.10,20.24,15.88,15.88,15.88,6.37,3.67,3.67,0.06,0.06,0.06,0.05,0.12,0.09,0.13,0.19,0.17,0.18,0.18,0.16,0.14,0.16,0.16,0.20,0.19,0.22
3,C162,Fabricación de hojas de madera para enchapado y tableros a base de madera.,138.80,81.92,91.32,91.56,140.64,135.12,141.81,152.97,94.60,157.31,146.48,141.41,159.48,120.93,167.90,151.96,176.82,164.88,169.80,161.83,159.61,164.70,180.67,137.43,153.85,150.67,167.66,188.01,148.76,185.97,182.69,165.35,161.49,151.74,159.04,202.76,122.26,134.08,145.48,154.84,154.92,147.83,170.47,161.24,166.67,169.57,184.90,228.92,243.01,340.23,229.60,79.08,117.96,244.86,273.01,265.66,554.33
2,C17,Fabricación de papel y de productos de papel.,97.61,92.63,74.42,86.50,85.68,77.49,103.50,91.52,54.37,50.96,53.37,50.99,54.09,53.89,57.15,58.67,53.39,52.86,50.09,51.00,50.95,53.45,55.86,55.54,53.55,48.40,55.72,52.76,54.31,48.72,47.22,50.17,47.71,48.31,46.44,39.56,47.66,39.86,42.94,44.44,42.84,37.33,38.19,37.32,37.12,37.85,35.75,39.11,40.38,37.14,34.62,31.54,33.79,33.25,34.28,34.40,37.04
3,C170,Fabricación de papel y de productos de papel.,97.61,92.63,74.42,86.50,85.68,77.49,103.50,91.52,54.37,50.96,53.37,50.99,54.09,53.89,57.15,58.67,53.39,52.86,50.09,51.00,50.95,53.45,55.86,55.54,53.55,48.40,55.72,52.76,54.31,48.72,47.22,50.17,47.71,48.31,46.44,39.56,47.66,39.86,42.94,44.44,42.84,37.33,38.19,37.32,37.12,37.85,35.75,39.11,40.38,37.14,34.62,31.54,33.79,33.25,34.28,34.40,37.04
2,C18,Impresión y reproducción de grabaciones.,82.66,84.48,93.43,88.83,93.68,81.69,79.96,87.04,87.32,86.10,83.62,86.29,74.57,73.02,84.46,79.38,79.29,76.00,70.17,71.75,77.19,80.87,83.89,87.69,71.62,76.36,88.36,90.99,89.40,86.31,79.95,78.56,78.90,84.65,87.65,83.26,73.25,75.65,81.95,89.82,95.15,84.45,104.75,129.89,143.40,147.63,196.30,130.28,110.26,124.54,89.59,42.56,57.40,63.22,68.39,63.94,64.13
3,C181,Impresión y actividades de servicios relacionados con la impresión.,82.66,84.48,93.43,88.83,93.68,81.69,79.96,87.04,87.32,86.10,83.62,86.29,74.57,73.02,84.46,79.38,79.29,76.00,70.17,71.75,77.19,80.87,83.89,87.69,71.62,76.36,88.36,90.99,89.40,86.31,79.95,78.56,78.90,84.65,87.65,83.26,73.25,75.65,81.95,89.82,95.15,84.45,104.75,129.89,143.40,147.63,196.30,130.28,110.26,124.54,89.59,42.56,57.40,63.22,68.39,63.94,64.13
2,C19,Fabricación de coque y de productos de la refinación del petróleo.,99.65,99.65,99.11,98.08,98.12,100.70,95.64,95.94,96.08,97.41,92.53,95.94,94.95,95.45,92.56,94.25,94.32,93.67,94.84,93.35,92.48,90.81,92.06,90.27,75.31,58.08,73.41,69.84,74.25,71.88,75.95,79.73,68.64,73.52,70.85,70.09,69.53,59.05,70.20,66.77,71.18,64.11,69.11,65.64,65.08,61.42,53.26,58.85,60.29,53.64,51.01,27.65,38.83,60.21,62.78,64.34,75.94
3,C192,Fabricación de productos de la refinación del petróleo.,99.65,99.65,99.11,98.08,98.12,100.70,95.64,95.94,96.08,97.41,92.53,95.94,94.95,95.45,92.56,94.25,94.32,93.67,94.84,93.35,92.48,90.81,92.06,90.27,75.31,58.08,73.41,69.84,74.25,71.88,75.95,79.73,68.64,73.52,70.85,70.09,69.53,59.05,70.20,66.77,71.18,64.11,69.11,65.64,65.08,61.42,53.26,58.85,60.29,53.64,51.01,27.65,38.83,60.21,62.78,64.34,75.94
2,C20,Fabricación de substancias y productos químicos.,98.83,99.60,100.98,83.15,86.09,90.78,89.03,100.17,98.48,92.67,89.15,94.11,101.12,90.28,91.08,89.08,90.43,89.57,84.08,88.73,87.14,86.04,78.78,79.53,86.97,70.74,77.63,73.19,73.95,76.60,75.72,93.64,77.12,76.03,73.99,114.30,142.20,76.77,68.77,80.38,79.61,72.63,81.75,88.01,73.36,77.42,75.99,75.28,84.52,69.78,69.23,69.95,71.00,89.01,89.40,82.23,88.91
3,C201,"Fabricación de sustancias químicas básicas, de abonos y compuestos de nitrógeno y de plásticos y caucho sintético en formas primarias.",96.78,96.79,94.95,100.86,83.19,64.33,76.07,87.98,85.05,83.90,93.53,83.73,92.88,71.15,68.90,72.81,68.93,65.50,66.38,66.82,58.64,61.20,58.42,72.29,64.90,57.63,63.37,58.93,62.19,65.07,67.06,126.12,90.98,86.86,84.39,269.04,384.29,123.61,100.65,87.95,112.39,103.37,112.41,119.56,85.78,99.77,87.64,124.61,124.87,65.02,60.76,65.57,59.43,95.06,79.47,63.43,74.12
3,C202,Fabricación de otros productos químicos.,99.49,100.50,102.91,77.49,87.02,99.24,93.17,104.07,102.77,95.47,87.75,97.43,103.76,96.40,98.18,94.29,97.31,97.27,89.74,95.74,96.26,93.99,85.30,81.85,94.02,74.93,82.19,77.76,77.72,80.29,78.49,83.25,72.69,72.57,70.67,64.80,64.75,61.78,58.58,77.96,69.13,62.80,71.94,77.91,69.38,70.27,72.27,59.50,71.62,71.30,71.94,71.35,74.70,87.07,92.57,88.24,93.64
2,C21,"Fabricación de productos farmacéuticos, sustancias químicas medicinales y productos botánicos de uso farmacéutico.",53.59,78.22,118.11,113.96,86.78,103.35,121.49,126.93,130.91,131.14,110.80,88.37,94.26,116.24,134.02,121.69,125.81,128.67,129.87,123.56,124.20,129.39,117.57,106.87,101.63,207.62,208.20,130.02,122.08,131.92,99.26,114.49,82.88,118.39,113.18,95.54,109.55,127.19,119.62,121.11,125.52,121.17,129.48,122.13,142.11,113.03,121.65,111.74,140.48,104.89,127.75,122.88,146.73,169.95,139.04,144.52,134.84
3,C210,"Fabricación de productos farmacéuticos, sustancias químicas medicinales y productos botánicos de uso farmacéutico.",53.59,78.22,118.11,113.96,86.78,103.35,121.49,126.93,130.91,131.14,110.80,88.37,94.26,116.24,134.02,121.69,125.81,128.67,129.87,123.56,124.20,129.39,117.57,106.87,101.63,207.62,208.20,130.02,122.08,131.92,99.26,114.49,82.88,118.39,113.18,95.54,109.55,127.19,119.62,121.11,125.52,121.17,129.48,122.13,142.11,113.03,121.65,111.74,140.48,104.89,127.75,122.88,146.73,169.95,139.04,144.52,134.84
2,C22,Fabricación de productos de caucho y plástico.,80.28,102.45,99.02,101.57,96.55,91.51,89.75,97.74,97.09,92.80,97.40,92.56,77.25,77.36,84.44,80.80,82.78,86.14,86.07,87.35,85.58,86.23,85.59,78.29,81.44,72.03,80.97,79.71,85.67,78.81,75.36,81.99,75.31,82.73,88.20,73.46,69.97,68.30,64.21,61.63,66.58,62.97,64.65,62.02,63.89,59.68,65.46,66.33,67.85,65.18,55.48,50.50,57.86,68.78,82.54,72.56,81.87
3,C221,Fabricación de productos de caucho.,97.00,93.36,79.67,77.51,95.66,95.12,87.49,81.73,90.33,66.72,85.01,77.91,47.63,64.19,66.60,61.38,70.11,73.67,80.56,72.72,78.61,78.32,68.16,32.42,71.47,62.28,70.29,68.37,72.73,71.72,67.97,64.53,51.29,53.98,93.39,29.62,42.82,24.90,27.00,28.33,26.95,27.40,23.43,17.25,24.55,20.46,23.33,20.27,27.80,24.81,15.98,5.91,11.18,19.93,72.78,50.13,97.70
3,C222,Fabricación de productos de plástico.,76.42,104.55,103.49,107.12,96.76,90.68,90.27,101.44,98.65,98.83,100.26,95.95,84.10,80.40,88.57,85.29,85.71,89.03,87.34,90.74,87.19,88.06,89.62,88.89,83.74,74.29,83.44,82.34,88.65,80.45,77.06,86.02,80.87,89.37,87.00,83.59,76.24,78.33,72.81,69.32,75.74,71.19,74.18,72.36,72.98,68.74,75.20,76.97,77.11,74.50,64.61,60.80,68.65,80.06,84.80,77.74,78.21
2,C23,Fabricación de otros productos minerales no metálicos.,95.30,134.66,121.58,102.72,111.53,98.82,109.40,119.16,123.10,120.16,116.00,116.99,103.54,98.03,107.76,99.57,108.62,105.86,109.26,114.12,113.58,117.87,115.20,115.15,106.19,94.91,107.47,103.68,113.80,112.53,120.37,135.71,127.34,143.74,140.12,123.04,110.04,111.06,105.15,116.04,127.80,106.15,119.98,114.73,109.38,100.47,115.45,120.87,112.41,109.21,90.09,55.22,308.60,422.31,475.67,450.21,488.82
3,C231,Fabricación de vidrio y productos de vidrio.,86.32,80.20,103.45,82.38,91.66,85.87,96.36,92.69,98.50,110.77,128.96,126.92,106.70,100.10,99.73,101.92,121.23,118.95,114.38,120.26,121.09,140.61,145.07,140.25,134.07,135.50,139.52,159.41,150.33,137.99,150.46,151.74,178.28,151.86,184.00,149.55,163.93,94.71,153.33,160.21,168.83,164.15,124.69,188.11,190.81,162.33,158.31,303.07,149.03,85.64,84.71,81.70,87.01,129.46,193.02,152.92,189.81
3,C239,Fabricación de productos minerales no metálicos n.c.p.,95.70,137.11,122.39,103.63,112.43,99.40,109.99,120.35,124.21,120.58,115.42,116.55,103.39,97.93,108.12,99.46,108.05,105.27,109.03,113.84,113.24,116.85,113.86,114.02,104.93,93.08,106.02,101.17,112.15,111.38,119.01,134.99,125.05,143.37,138.14,121.85,107.61,111.80,102.98,114.05,125.95,103.54,119.77,111.43,105.71,97.68,113.52,112.66,110.76,110.27,90.34,54.03,318.57,435.49,488.39,463.60,502.29
2,C24,Fabricación de metales comunes.,90.45,93.21,87.28,109.07,110.09,108.23,95.77,108.05,110.82,139.88,117.26,134.98,116.53,98.99,109.26,94.80,102.52,116.10,127.42,105.93,123.63,148.61,136.65,122.53,125.22,121.56,128.15,113.47,112.49,132.14,121.76,137.50,128.36,139.75,130.94,127.89,135.12,143.16,138.60,136.06,115.91,108.62,118.84,111.43,99.38,110.81,106.86,100.86,115.61,134.49,130.35,118.44,122.79,159.58,166.59,182.14,155.59
3,C241,Industrias básicas de hierro y acero.,90.60,89.30,73.15,120.14,122.39,111.70,101.56,96.95,102.43,144.90,108.56,119.20,106.07,79.22,77.96,72.33,76.39,88.01,88.40,90.65,89.23,96.17,85.53,95.24,84.42,91.46,86.81,83.58,80.00,91.30,90.24,81.44,87.86,87.09,96.27,101.57,103.09,139.13,127.72,127.58,91.32,72.37,76.67,70.16,66.94,71.99,66.35,84.28,92.22,145.36,137.83,116.07,129.20,182.00,183.21,216.97,160.73
3,C242,Fabricación de productos primarios de metales preciosos y metales no ferrosos.,90.28,97.95,104.38,95.68,95.20,104.02,88.78,121.48,120.97,133.81,127.79,154.07,129.19,122.92,147.14,121.99,134.14,150.10,174.63,124.43,165.24,212.06,198.50,155.54,174.58,157.98,178.17,149.62,151.80,181.54,159.88,205.33,177.35,203.46,172.90,159.72,173.88,148.03,151.76,146.31,145.65,152.46,169.86,161.35,138.61,157.78,155.88,120.93,143.91,121.33,121.30,121.30,115.04,132.44,146.48,139.99,149.37
2,C25,"Fabricación de productos elaborados de metal, excepto maquinaria y equipo.",98.24,117.72,98.03,92.85,126.18,98.32,110.39,122.16,105.98,88.88,90.70,72.70,57.47,59.58,60.33,61.53,58.37,61.28,61.67,62.78,62.00,59.78,60.24,69.09,75.70,59.88,76.59,64.61,62.96,66.47,72.24,96.02,69.01,67.06,71.66,83.36,69.83,74.10,74.60,71.02,78.45,69.09,75.85,76.41,72.77,81.65,68.64,72.00,70.62,60.52,49.97,42.25,61.88,96.57,102.38,98.90,177.83
3,C251,"Fabricación de productos metálicos para uso estructural, tanques, depósitos, recipientes de metal y generadores de vapor.",85.78,129.30,111.90,110.04,140.47,96.11,125.65,144.83,116.32,96.20,106.56,83.59,55.20,59.84,61.75,59.91,51.85,57.46,54.42,58.31,53.92,49.00,54.75,64.91,55.95,43.57,49.37,49.28,48.57,51.53,53.13,54.17,55.32,57.07,65.34,74.37,48.47,62.79,64.97,66.91,77.54,59.13,67.94,66.25,66.13,78.85,63.84,70.51,61.74,55.04,45.67,37.16,43.97,52.04,59.91,52.51,55.34
3,C259,"Fabricación de otros productos elaborados de metal, actividades de trabajos de metales.",115.97,101.24,78.30,68.41,105.84,101.46,88.66,89.90,91.25,78.46,68.14,57.21,60.70,59.21,58.29,63.83,67.64,66.71,71.99,69.14,73.51,75.12,68.05,75.04,103.81,83.08,115.32,86.43,83.44,87.75,99.45,155.58,88.49,81.28,80.64,96.16,100.22,90.19,88.29,76.87,79.75,83.26,87.10,90.88,82.21,85.64,75.48,74.11,83.27,68.31,56.08,49.49,87.37,159.94,162.81,164.91,352.14
2,C26,"Fabricación de productos de informática, electrónica y óptica.",321.63,52.80,53.09,241.43,133.75,110.06,62.69,266.43,141.00,143.16,142.77,142.55,144.25,567.75,463.03,258.85,280.56,370.58,370.99,604.54,573.02,655.96,743.15,343.59,306.21,295.24,349.38,365.95,494.34,166.08,236.69,292.77,307.17,397.95,529.70,220.27,241.83,140.96,274.41,482.13,416.25,633.31,685.90,595.91,1074.91,638.21,865.59,762.82,270.30,262.91,196.21,196.68,205.92,296.75,263.20,434.53,360.67
3,C264,Fabricación de aparatos electrónicos de consumo.,321.63,52.80,53.09,241.43,133.75,110.06,62.69,266.43,141.00,143.16,142.77,142.55,144.25,567.75,463.03,258.85,280.56,370.58,370.99,604.54,573.02,655.96,743.15,343.59,306.21,295.24,349.38,365.95,494.34,166.08,236.69,292.77,307.17,397.95,529.70,220.27,241.83,140.96,274.41,482.13,416.25,633.31,685.90,595.91,1074.91,638.21,865.59,762.82,270.30,262.91,196.21,196.68,205.92,296.75,263.20,434.53,360.67
2,C27,Fabricación de equipo eléctrico.,111.15,89.00,78.97,77.08,71.96,84.19,89.81,85.85,92.62,86.88,98.09,112.27,86.34,84.90,79.78,72.85,66.51,74.65,71.03,69.20,79.62,77.59,77.25,75.78,92.88,111.14,121.24,110.75,132.21,116.70,115.72,124.59,222.98,234.40,200.26,212.73,370.08,324.33,255.07,193.53,316.13,256.97,236.19,445.43,450.61,443.87,332.66,345.77,256.41,343.18,198.16,139.43,211.05,336.32,390.56,318.03,266.22
3,C271,"Fabricación de motores, generadores, transformadores eléctricos y aparatos de distribución y control de la energía eléctrica.",99.22,119.44,90.00,94.95,97.49,80.88,124.48,86.38,115.53,81.34,107.86,151.57,109.30,117.53,132.64,127.83,118.48,116.70,110.80,87.31,120.33,123.84,126.02,103.36,68.21,73.71,72.69,66.68,110.88,71.30,75.15,73.12,76.44,92.08,63.18,90.66,84.45,83.83,92.57,78.42,94.00,102.92,99.39,82.92,83.72,64.57,83.79,92.35,58.83,62.00,52.72,14.23,111.44,143.44,156.50,120.91,128.92
3,C272,"Fabricación de pilas, baterías y acumuladores.",100.00,100.00,100.00,80.93,96.93,108.06,98.74,100.36,111.67,94.09,110.81,131.47,97.67,91.94,76.19,62.54,66.76,78.91,77.29,77.26,82.06,85.31,86.36,85.00,87.07,100.53,99.47,89.29,101.65,96.39,93.20,104.27,81.35,87.83,78.25,88.05,78.46,93.62,103.84,98.53,113.59,103.02,83.25,99.35,97.32,78.42,95.91,85.34,92.27,92.43,70.67,48.80,80.16,98.75,100.39,85.87,92.40
3,C275,Fabricación de aparatos de uso doméstico.,122.49,72.11,61.06,68.32,46.79,68.94,73.02,75.66,72.86,83.38,86.68,88.08,71.42,69.82,65.35,61.97,49.37,58.18,53.80,57.32,64.92,57.65,54.08,58.95,102.43,131.99,152.71,140.38,161.40,146.37,145.06,155.56,366.22,381.04,326.64,336.27,660.19,557.85,410.36,295.05,525.30,411.48,384.36,796.85,808.90,807.30,571.53,596.42,431.95,604.42,332.06,240.90,333.67,561.87,665.31,540.95,430.38
3,C279,Fabricación de otros tipos de equipo eléctrico.,100.00,100.00,100.00,100.00,100.00,100.00,100.00,100.00,100.00,100.00,100.00,100.00,100.00,100.00,100.00,100.00,100.00,100.00,100.00,100.00,100.00,100.00,144.95,144.95,144.95,39.21,52.28,50.11,56.64,44.44,52.28,68.41,65.36,34.86,74.07,87.14,43.57,78.43,71.89,78.43,76.25,74.29,65.36,59.31,41.11,229.11,121.09,286.06,41.90,34.51,31.63,31.63,31.63,31.63,26.25,23.72,34.27
2,C28,Fabricación de maquinaria y equipo n.c.p.,97.51,106.56,202.26,217.49,175.99,393.94,711.41,217.22,519.90,278.17,183.67,129.71,122.61,99.80,140.62,112.06,132.07,128.64,134.27,110.09,141.72,177.03,101.56,137.24,268.14,245.06,158.77,177.35,169.18,303.31,309.59,238.62,293.93,271.74,207.92,215.08,212.97,345.43,210.07,297.89,350.83,342.61,403.29,271.00,365.52,349.89,268.94,221.88,263.64,257.00,249.91,232.16,277.59,688.87,545.11,411.25,389.98
3,C281,"Fabricación de motores y turbinas, excepto motores para aeronaves, vehículos automotores y motocicletas.",97.42,106.62,232.84,257.35,186.24,490.20,916.35,254.70,650.46,338.10,188.67,120.56,120.15,91.57,125.72,115.78,145.34,140.75,150.27,123.83,167.42,210.14,102.79,157.71,328.10,305.80,185.13,215.23,204.60,351.56,385.17,281.34,354.53,335.48,216.30,268.71,267.98,440.46,267.68,381.42,446.18,445.49,525.79,338.53,471.52,453.61,339.14,273.88,339.82,332.23,326.33,302.61,363.22,912.94,720.89,542.42,513.86
3,C282,Fabricación de maquinaria de uso especial.,97.79,106.39,111.21,98.84,145.46,107.41,101.37,105.65,131.27,99.78,168.77,156.95,129.92,124.31,184.97,100.99,92.58,92.58,86.65,69.17,65.20,78.47,97.89,76.29,89.65,64.27,80.31,64.60,63.72,159.67,84.61,111.45,113.54,81.99,182.99,55.44,49.21,62.55,38.59,49.23,66.99,36.35,38.66,70.00,50.02,41.15,59.97,67.08,36.89,33.04,22.43,22.43,22.72,21.88,21.88,20.80,21.24
2,C29,"Fabricación de vehículos automotores, remolques y semirremolques.",137.16,79.28,133.95,66.76,63.28,74.08,70.62,71.82,70.48,78.85,82.07,84.74,79.66,54.16,94.07,87.10,93.55,108.97,94.49,105.35,86.20,106.99,106.35,98.58,82.96,82.16,85.35,100.66,88.98,91.98,88.55,87.05,89.10,87.36,94.84,71.58,67.79,70.65,68.72,62.38,63.28,61.39,43.73,37.45,61.72,65.72,71.18,62.39,49.57,47.02,33.58,34.16,34.15,58.47,206.04,149.41,232.64
3,C291,Fabricación de vehículos automotores.,145.32,81.72,138.22,61.62,55.55,73.19,67.50,68.33,68.33,78.14,81.68,84.93,78.74,53.02,95.83,88.86,96.61,114.04,99.34,110.21,90.88,112.12,111.56,102.64,86.66,84.93,87.39,105.02,92.86,95.17,91.56,90.10,93.13,89.37,99.52,70.97,69.09,71.73,71.02,62.78,62.96,61.20,38.61,34.96,59.36,65.04,68.19,60.74,49.42,46.86,32.18,32.18,32.18,56.33,222.30,157.55,252.08
3,C292,Fabricación de carrocerías para vehículos automotores; fabricación de remolques y semirremolques.,65.76,57.89,96.53,111.70,130.92,81.87,97.86,102.30,89.25,85.06,85.48,83.07,87.75,64.12,78.66,71.69,66.78,64.67,52.14,62.85,45.21,62.09,60.73,63.07,50.62,57.96,67.53,62.59,55.10,64.05,62.15,60.39,53.85,69.74,53.97,76.98,56.45,61.23,48.59,58.88,66.05,63.13,88.47,59.25,82.35,71.68,97.33,76.77,50.83,48.38,45.82,51.47,51.46,77.20,63.78,78.15,62.66
2,C31,Fabricación de muebles.,114.06,94.08,118.55,101.68,114.53,82.23,79.37,83.77,88.33,72.39,69.34,77.46,58.82,62.34,67.04,65.40,69.22,70.16,70.29,78.56,76.91,86.70,81.94,86.82,67.28,59.15,75.12,75.34,80.56,76.03,69.38,76.82,81.71,85.31,90.18,77.75,70.50,70.33,57.57,80.10,83.13,79.88,77.19,81.64,83.16,82.51,77.11,87.20,78.92,74.97,58.46,35.70,67.16,88.91,95.74,89.27,96.15
3,C310,Fabricación de muebles.,114.06,94.08,118.55,101.68,114.53,82.23,79.37,83.77,88.33,72.39,69.34,77.46,58.82,62.34,67.04,65.40,69.22,70.16,70.29,78.56,76.91,86.70,81.94,86.82,67.28,59.15,75.12,75.34,80.56,76.03,69.38,76.82,81.71,85.31,90.18,77.75,70.50,70.33,57.57,80.10,83.13,79.88,77.19,81.64,83.16,82.51,77.11,87.20,78.92,74.97,58.46,35.70,67.16,88.91,95.74,89.27,96.15
2,C32,Otras industrias manufactureras.,79.31,56.83,48.71,69.11,57.95,60.78,55.34,59.45,110.84,159.73,145.76,144.64,138.01,115.97,122.21,95.98,74.37,68.34,63.05,85.95,69.40,87.91,75.27,74.48,62.67,65.99,63.84,67.00,71.70,77.87,67.94,63.33,61.22,77.16,68.80,75.87,51.09,58.61,57.84,58.37,66.47,65.56,64.59,63.24,71.92,68.45,60.56,85.37,65.22,66.40,64.07,64.03,90.14,95.19,98.77,93.77,102.97
3,C321,"Fabricación de joyas, bisutería y artículos conexos.",53.53,64.63,42.98,100.01,43.21,46.22,47.39,57.74,197.43,315.37,282.39,283.48,275.98,207.21,209.12,147.52,57.29,49.57,53.49,74.10,47.16,54.63,76.09,92.13,73.40,58.22,61.60,69.32,84.35,85.53,80.62,65.80,65.27,81.50,71.71,107.95,74.41,68.20,62.79,65.34,96.23,84.91,73.24,75.40,102.10,103.71,84.84,155.65,120.75,109.41,108.34,108.34,158.95,158.95,165.76,165.00,166.97
3,C324,Fabricación de juegos y juguetes.,100.47,15.62,11.83,9.24,13.47,26.96,26.73,28.72,31.53,68.84,61.99,71.23,21.40,23.61,26.36,24.09,40.60,29.32,40.44,65.01,55.61,88.34,53.31,37.07,18.65,16.22,10.54,17.24,6.95,17.05,15.08,14.35,26.47,50.96,48.22,40.86,4.86,8.24,8.16,6.81,6.00,8.81,14.16,13.85,25.53,21.96,17.99,18.56,11.30,8.49,7.39,7.39,7.45,11.60,21.07,23.09,42.03
3,C329,Otras industrias manufactureras n.c.p.,85.55,87.04,88.48,93.47,113.74,106.54,89.69,89.51,97.49,88.05,86.52,73.64,107.74,110.02,123.79,110.80,122.60,123.11,93.46,117.12,104.35,120.76,94.72,91.38,92.56,119.68,115.25,110.61,118.80,126.32,104.04,106.06,89.24,96.99,84.88,76.12,70.45,95.49,98.72,98.99,92.52,98.59,102.49,96.65,84.56,76.09,75.59,76.79,59.48,76.85,72.13,72.01,97.69,108.62,103.52,87.80,95.24
,,,,,,,,,,,,,,,,,,,,,,,,,,,,,,,,,,,,,,,,,,,,,,,,,,,,,,,,,,,
Nota:,,,,,,,,,,,,,,,,,,,,,,,,,,,,,,,,,,,,,,,,,,,,,,,,,,,,,,,,,,,
*Para obtener información detallada del IPI-M Base: 2015=100 solicitarla al INEC: http://www.ecuadorencifras.gob.ec/requerimientos-de-informacion/,,,,,,,,,,,,,,,,,,,,,,,,,,,,,,,,,,,,,,,,,,,,,,,,,,,,,,,,,,,
Fuente: Sistema de Indicadores de la Producción (SIPRO),,,,,,,,,,,,,,,,,,,,,,,,,,,,,,,,,,,,,,,,,,,,,,,,,,,,,,,,,,,
